﻿<?xml version="1.0" encoding="UTF-8"?>
<!DOCTYPE article PUBLIC "-//OASIS//DTD DocBook XML V4.2//EN" "file:/c:/docbook/dtd/docbookx.dtd" [
<!ENTITY % global.entities SYSTEM "file:/c:/docbook/include/global.xml">
<!-- e-novative DocBook environment --><!-- global entities                --><!-- (c) 2002 e-novative GmbH       --><!-- http://www.e-novative.de       --><!ENTITY global_entity "global entity (can be included in every document)">
<!ENTITY % entities SYSTEM "entities.xml">
<!-- >e-novative> DocBook Environment (eDE)                                  --><!-- (c) 2002 e-novative GmbH, Munich, Germany                               --><!-- http://www.e-novative.de                                                --><!-- DocBook entities template                                               --><!-- This file is part of eDE                                                --><!-- eDE is free software; you can redistribute it and/or modify             --><!-- it under the terms of the GNU General Public License as published by    --><!-- the Free Software Foundation; either version 2 of the License, or       --><!-- (at your option) any later version.                                     --><!-- eDE is distributed in the hope that it will be useful,                  --><!-- but WITHOUT ANY WARRANTY; without even the implied warranty of          --><!-- MERCHANTABILITY or FITNESS FOR A PARTICULAR PURPOSE.  See the           --><!-- GNU General Public License for more details.                            --><!-- You should have received a copy of the GNU General Public License       --><!-- along with eDe; if not, write to the Free Software                   --><!-- Foundation, Inc., 59 Temple Place, Suite 330, Boston, MA 02111-1307 USA --><!ENTITY local_entity "local entity (defined per document)">
]>
<article>
  <articleinfo>
    <title>ZeosDBO SQL Specific Parameters</title>
    <pubdate>05 November 2003 (Updated 29/5/2008)</pubdate>
    <corpauthor>ZeosLib Development Group</corpauthor>
  </articleinfo>
  <sect1>
    <title>Project options</title>
    <sect2>
      <title>Conditional Defines</title>
      <para>It is possible to avoid databasedrivers are compiled into your program executable if you're not planning to support the use of them. You can do this by commenting out the ENABLE_XXXX DEFINES in zeos.inc before compiling and installing zeoslib.</para>
      <para>A more flexible way is to install zeoslib using the standard zeos.inc file and add some conditional DEFINE's to your project options. Supported values are:
      <itemizedlist>
      <listitem><simpara>ZEOS_DISABLE_MYSQL</simpara></listitem>
      <listitem><simpara>ZEOS_DISABLE_ORACLE</simpara></listitem>
      <listitem><simpara>ZEOS_DISABLE_SQLITE</simpara></listitem>
      <listitem><simpara>ZEOS_DISABLE_ASA</simpara></listitem>
      <listitem><simpara>ZEOS_DISABLE_INTERBASE</simpara></listitem>
      <listitem><simpara>ZEOS_DISABLE_DBLIB</simpara></listitem>
      <listitem><simpara>ZEOS_DISABLE_POSTGRESQL</simpara></listitem>
      <listitem><simpara>ZEOS_DISABLE_ADO</simpara></listitem>
      </itemizedlist>
      To use this feature you must add the zeoslib source dir's to the search path of your project. So only the required features will be compiled in your project executable. (Make sure the zeoslib units are recompiled as well)
      </para>
   </sect2>
 </sect1>
  <sect1>
    <title>Generic Parameters</title>
    <sect2>
      <title>Connection parameters</title>
      <itemizedlist>
      <listitem><para>defaults=[yes,no] - Calculate default values for NULL fields.</para></listitem></itemizedlist>
    </sect2>
    <sect2>
      <title>ZQuery parameters</title>
      <itemizedlist>
      <listitem><para>defaults=[yes,no] - Calculate default values for NULL fields.</para></listitem>
      <listitem><para>ValidateUpdateCount=[true,false] - Check if automatically generated updates of ZUpdateSQL updates only affect 1 record.</para></listitem>
      </itemizedlist>
    </sect2>
  </sect1>
  <sect1>
    <title>MySQL Driver Parameters</title>
    <sect2>
      <title>Connection parameters</title>
      <itemizedlist>
      <listitem><para>compress=[yes,no] - Turn on/off compression protocol</para></listitem>
      <listitem><para>dbless=[yes,no] - Connect to the real database or not (dbless mode)</para></listitem>
      <listitem><para>useresult=[yes,no] - Fetching rows using UseResult instead StoreResult.</para></listitem>
      <listitem><para>timeout=&lt;seconds&gt; - Connection timeout in seconds.</para></listitem>
      <listitem><para>codepage=&lt;client codepage&gt; - Sets a client codepage. It executes a SET CHARACTER SET &lt;client codepage&gt; statement righ after connect. Refer your MySQL server manual for details.</para></listitem>
      <listitem><para>all mysql_real_connect clientflags are now supported using the names from the enum type below. (Eg. CLIENT_MULTI_STATEMENTS=TRUE) :
         <programlisting>
TMYSQL_CLIENT_OPTIONS =
( CLIENT_LONG_PASSWORD,	{  = 1;	  { new more secure passwords }
  CLIENT_FOUND_ROWS ,	{	  = 2;	  { Found instead of affected rows }
  CLIENT_LONG_FLAG	 ,	{ = 4;	  { Get all column flags }
  CLIENT_CONNECT_WITH_DB ,	{ = 8;	  { One can specify db on connect }
  CLIENT_NO_SCHEMA	 ,	{  = 16;	  { Don't allow database.table.column }
  CLIENT_COMPRESS	 ,	{  = 32;	  { Can use compression protcol }
  CLIENT_ODBC		 ,	{  = 64;	  { Odbc client }
  CLIENT_LOCAL_FILES	  ,	{ = 128;  { Can use LOAD DATA LOCAL }
  CLIENT_IGNORE_SPACE	 ,	{  = 256;  { Ignore spaces before '(' }
  CLIENT_CHANGE_USER    ,	{  = 512;  { Support the mysql_change_user() }
  CLIENT_INTERACTIVE    ,	{  = 1024; { This is an interactive client }
  CLIENT_SSL     ,	{         = 2048; { Switch to SSL after handshake }
  CLIENT_IGNORE_SIGPIPE  ,	{ = 4096; { IGNORE sigpipes }
  CLIENT_TRANSACTIONS    ,	{ = 8196; { Client knows about transactions }
  CLIENT_RESERVED     ,	{    = 16384; { Old flag for 4.1 protocol  }
  CLIENT_SECURE_CONNECTION  ,	{= 32768; { New 4.1 authentication }
  CLIENT_MULTI_STATEMENTS  ,	{= 65536; { Enable/disable multi-stmt support }
  CLIENT_MULTI_RESULTS  ,	{  = 131072; { Enable/disable multi-results }
  CLIENT_OPT_18,  {2^18 = 262144}
  CLIENT_OPT_19,{2^19 = 524288}
  CLIENT_OPT_20,  {2^20 = 1048576}
  CLIENT_OPT_21,   {2^21 = 2097152 }
  CLIENT_OPT_22,  {2^22 = 4194304}
  CLIENT_OPT_23,  {2^23 = 8388608 }
  CLIENT_OPT_24,   {2^24 = 16777216 }
  CLIENT_OPT_25,   {2^25 = 33554432}
  CLIENT_OPT_26,    {2^26 = 67108864}
  CLIENT_OPT_27,    {2^27 = 134217728}
  CLIENT_OPT_28,    {2^28 = 268435456}
  CLIENT_OPT_29,    {2^29 = 536870912}
  CLIENT_OPT_30,    {2^30 = 1073741824}
  CLIENT_REMEMBER_OPTIONS	{ = 2147483648; {Enable/disable multi-results });
          </programlisting>
</para></listitem>
      <listitem><para>all mysql_options are now supported using the names from the enum type below. (Eg. MYSQL_READ_DEFAULT_FILE=&lt;filename&gt;) :
         <programlisting>
  TMySqlOption = (
    MYSQL_OPT_CONNECT_TIMEOUT,
    MYSQL_OPT_COMPRESS,
    MYSQL_OPT_NAMED_PIPE,
    MYSQL_INIT_COMMAND,
    MYSQL_READ_DEFAULT_FILE,
    MYSQL_READ_DEFAULT_GROUP,
    MYSQL_SET_CHARSET_DIR,
    MYSQL_SET_CHARSET_NAME,
    MYSQL_OPT_LOCAL_INFILE,
    MYSQL_OPT_PROTOCOL,
    MYSQL_SHARED_MEMORY_BASE_NAME,
    MYSQL_OPT_READ_TIMEOUT,
    MYSQL_OPT_WRITE_TIMEOUT,
    MYSQL_OPT_USE_RESULT,
    MYSQL_OPT_USE_REMOTE_CONNECTION,
    MYSQL_OPT_USE_EMBEDDED_CONNECTION,
    MYSQL_OPT_GUESS_CONNECTION,
    MYSQL_SET_CLIENT_IP,
    MYSQL_SECURE_AUTH
  );
          </programlisting>
</para></listitem>
      <listitem><para>SSL connections are supported using this connection properties (using mysql_sll_set library call) :
         <programlisting>
    Properties.Strings = (
      'MYSQL_SSL=TRUE'
      'MYSQL_SSL_CA=D:/mysql/certs/ca-cert.pem'
      'MYSQL_SSL_CERT=D:/mysql/certs/client-cert.pem'
      'MYSQL_SSL_KEY=D:/mysql/certs/client-key.pem')
          </programlisting>
</para></listitem></itemizedlist>
    </sect2>
    <sect2>
      <title>Statement parameters</title>
      <itemizedlist>
      <listitem><para>useresult=[yes,no] - Fetching rows using UseResult instead StoreResult.</para></listitem></itemizedlist>
    </sect2>
  </sect1>
  <sect1>
    <title>PostgreSQL Driver Parameters</title>
    <sect2>
      <title>Connection parameters</title>
      <itemizedlist>
      <listitem><para>beginreq=[yes,no] - Is BEGIN required at the transaction start or not.</para></listitem>
      <listitem><para>oidasblob=[yes,no] - Is Oid type treated as Large Object handle (blob) or as a regular integer.</para></listitem>
      <listitem><para>timeout=&lt;seconds&gt; - Connection timeout in seconds.</para></listitem>
      <listitem><para>codepage=&lt;client codepage&gt; - Sets a client codepage. It executes a SET CLIENT_ENCODING '&lt;client codepage&gt;' statement righ after connect.</para></listitem>
      <listitem><para>sslmode=[disable, allow, prefer, require] - (From PostgreSQL docs:) This option determines whether or with what priority an SSL connection will be negotiated with the server. There are four modes: disable will attempt only an unencrypted SSL connection; allow will negotiate, trying first a non-SSL connection, then if that fails, trying an SSL connection; prefer (the default) will negotiate, trying first an SSL connection, then if that fails, trying a regular non-SSL connection; require will try only an SSL connection.
If PostgreSQL is compiled without SSL support, using option require will cause an error, while options allow and prefer will be accepted but libpq will not in fact attempt an SSL connection.</para></listitem>
      <listitem><para>requiressl=[0,1] - This option is deprecated in favor of the sslmode setting.</para></listitem>
      </itemizedlist>
    </sect2>
    <sect2>
      <title>Statement parameters</title>
      <itemizedlist>
      <listitem><para>oidasblob=[yes,no] - Is Oid type treated as Large Object handle (blob) or as a regular integer.</para></listitem></itemizedlist>
    </sect2>
  </sect1>
  <sect1>
    <title>MS SQL Driver Parameters</title>
    <sect2>
      <title>Connection parameters</title>
      <itemizedlist>
      <listitem><para>appname=&lt;application name&gt; - The given application name is sent to sqlserver.</para></listitem>
      <listitem><para>workstation=&lt;workstation name&gt; - The given workstation name is sent to sqlserver</para></listitem>
      <listitem><para>secure=[yes,no] - This means that SQL Server will use Windows Authentication security.</para></listitem>
      <listitem><para>trusted=[yes,no] - This means that SQL Server will use Windows Authentication security.</para></listitem>
      <listitem><para>language=&lt;national language name&gt; - The given language is sent to sqlserver. If language support is installed in the server, error messages are returned in the designated national language.</para></listitem>
      <listitem><para>fallback=[yes,no] - Enables or disables failover support</para></listitem>
      <listitem><para>timeout=&lt;seconds&gt; - Is the time-out value, or the number of seconds that DB-Library waits for a login response before timing out. A time-out value of 0 represents an infinite time-out period. The default time-out value is 60 seconds.</para></listitem></itemizedlist>
    </sect2>
  </sect1>
  <sect1>
    <title>Interbase Driver Parameters</title>
    <sect2>
      <title>Connection parameters</title>
      <itemizedlist>
      <listitem><para>codepage=&lt;national language name&gt; - The given language is sent to sqlserver. If language support is installed in the server, error messages are returned in the designated national language.</para></listitem>
      <listitem><para>createNewDatabase=&lt;sql command database creation&gt; - Created new database before open database defined in TZConnection.</para></listitem>
      <listitem><para>dialect=it is parameter of Interbase/Firebird sql dialect. dialect parameter is sinonim of isc_dpb_sql_dialect parameter.</para></listitem>
      <listitem><para>RoleName=it is sinonim for isc_dpb_sql_role_name parameter Interbase/Firebird. It allow set user role name to work with database and to gain the privileges of that role.</para></listitem>
      <listitem><para>hard_commit=[yes,no] - Use hard commits instead of soft commits.</para></listitem>
      </itemizedlist>
    </sect2>
    <sect2>
      <title>Statement parameters</title>
      <itemizedlist>
      <listitem><para>cursor=&lt;cursor name&gt; - The given cusor name is sent to sql server.</para></listitem>
      <listitem><para>cashedblob=[yes,no] - This means that blob data fetch immediate if [yes] or used interbase blob if [no].</para></listitem></itemizedlist>
    </sect2>
  </sect1>
  <sect1>
    <title>Oracle Driver Parameters</title>
    <sect2>
      <title>Connection parameters</title>
      <itemizedlist>
      <listitem><para>codepage=[utf8,UTF8,0..max word value] - The codepage used by the oracle OCI to interprete strings sent to the server. For Lazarus this should be set to UTF8.</para></listitem>
      </itemizedlist>
    </sect2>
  </sect1>
</article>
