<?xml version="1.0"?>
<?xml-stylesheet type="text/xsl" href="interface.xsl"?>
<!DOCTYPE library SYSTEM "skeleton.dtd">
<library name="TestLib">
  <object name="MyObject" uid="{913672C2-80C9-4821-9E87-A09E123A3879}" compress="yes">
     <function name="ExecuteScript" fnid="0">
       <field name="script" type="string" modifier="const"/>
       <field name="data" type="TMemoryStream" modifier="out"/>
     </function>
  </object>

  <object name="MyObject2" uid="{2EB27E27-017B-4479-9FCE-609449187A59}" compress="yes">
     <function name="GetString" return="string" fnid="0"/>
  </object>
</library>
