{"AndroidX activity library": {"length": 10695, "start": 492}, "AndroidX annotation library": {"length": 10695, "start": 492}, "AndroidX architecture core library": {"length": 10694, "start": 11456}, "AndroidX architecture library": {"length": 10694, "start": 11456}, "AndroidX asynclayoutinflater library": {"length": 10695, "start": 492}, "AndroidX collection library": {"length": 10693, "start": 22343}, "AndroidX concurrent futures library": {"length": 10695, "start": 492}, "AndroidX coordinatorlayout library": {"length": 10693, "start": 22343}, "AndroidX core library": {"length": 10695, "start": 492}, "AndroidX cursoradapter library": {"length": 10695, "start": 492}, "AndroidX customview library": {"length": 10693, "start": 22343}, "AndroidX documentfile library": {"length": 10695, "start": 492}, "AndroidX drawerlayout library": {"length": 10695, "start": 492}, "AndroidX fragment library": {"length": 10695, "start": 492}, "AndroidX interpolator library": {"length": 10693, "start": 22343}, "AndroidX legacy coreui library": {"length": 10695, "start": 492}, "AndroidX legacy coreutils library": {"length": 10691, "start": 33103}, "AndroidX legacy v4 library": {"length": 10695, "start": 492}, "AndroidX lifecycle common library": {"length": 10694, "start": 11456}, "AndroidX lifecycle livedatacore library": {"length": 10694, "start": 11456}, "AndroidX lifecycle runtime library": {"length": 10694, "start": 11456}, "AndroidX lifecycle viewmodel library": {"length": 10694, "start": 11456}, "AndroidX lifecycle viewmodel savedstate library": {"length": 10694, "start": 11456}, "AndroidX loader library": {"length": 10693, "start": 22343}, "AndroidX localbroadcastmanager library": {"length": 10693, "start": 22343}, "AndroidX media base library": {"length": 10691, "start": 33103}, "AndroidX print library": {"length": 10695, "start": 492}, "AndroidX savedstate library": {"length": 10695, "start": 492}, "AndroidX slidingpanelayout library": {"length": 10695, "start": 492}, "AndroidX swiperefreshlayout library": {"length": 10695, "start": 492}, "AndroidX versionedparcelable library": {"length": 10695, "start": 43835}, "AndroidX viewpager library": {"length": 10695, "start": 492}, "Animal Sniffer": {"length": 1096, "start": 54549}, "Checker Framework Annotations": {"length": 1846, "start": 55679}, "Error Prone": {"length": 11357, "start": 57541}, "Guava JDK5": {"length": 11358, "start": 68921}, "Guava JDK7": {"length": 11362, "start": 80294}, "J2ObjC": {"length": 11358, "start": 68921}, "JSR 305": {"length": 1602, "start": 103001}, "JsInterop Annotations": {"length": 11307, "start": 91682}}