<?xml version="1.0" encoding="ISO-8859-1"?>
<!DOCTYPE article PUBLIC "-//OASIS//DTD DocBook XML V4.2//EN" "file:/c:/docbook/dtd/docbookx.dtd" [
<!ENTITY % global.entities SYSTEM "file:/c:/docbook/include/global.xml">
<!-- e-novative DocBook environment --><!-- global entities                --><!-- (c) 2002 e-novative GmbH       --><!-- http://www.e-novative.de       --><!ENTITY global_entity "global entity (can be included in every document)">
<!ENTITY % entities SYSTEM "entities.xml">
<!-- >e-novative> DocBook Environment (eDE)                                  --><!-- (c) 2002 e-novative GmbH, Munich, Germany                               --><!-- http://www.e-novative.de                                                --><!-- DocBook entities template                                               --><!-- This file is part of eDE                                                --><!-- eDE is free software; you can redistribute it and/or modify             --><!-- it under the terms of the GNU General Public License as published by    --><!-- the Free Software Foundation; either version 2 of the License, or       --><!-- (at your option) any later version.                                     --><!-- eDE is distributed in the hope that it will be useful,                  --><!-- but WITHOUT ANY WARRANTY; without even the implied warranty of          --><!-- MERCHANTABILITY or FITNESS FOR A PARTICULAR PURPOSE.  See the           --><!-- GNU General Public License for more details.                            --><!-- You should have received a copy of the GNU General Public License       --><!-- along with eDe; if not, write to the Free Software                   --><!-- Foundation, Inc., 59 Temple Place, Suite 330, Boston, MA 02111-1307 USA --><!ENTITY local_entity "local entity (defined per document)">
]>
<article>
  <articleinfo>
    <title>ZeosDBO Installation Guide</title>
    <pubdate>28 May 2008 (Updated 29/5/2008)</pubdate>
    <corpauthor>ZeosLib Development Group</corpauthor>
  </articleinfo>
  <para>You can download the current (SVN) version from <ulink url="svn://www.firmos.at/zeos/trunk/">svn://www.firmos.at/zeos/trunk/</ulink></para>
  <para>The development/testing branch is at  <ulink url="svn://www.firmos.at/zeos/branches/testing/">svn://www.firmos.at/zeos/branches/testing/</ulink></para>
  <para>Snapshots can be found at <ulink url="http://zeosdownloads.firmos.at/downloads/snapshots/">http://zeosdownloads.firmos.at/downloads/snapshots/</ulink></para>
  <para>Official reaseses are published at the <ulink url="http://zeos.firmos.at/portal.php">Zeoslib forum</ulink> and the <ulink url="http://sourceforge.net/projects/zeoslib">Zeoslib Sourceforge Project pages</ulink></para>
  <orderedlist>
    <listitem>
      <para>Unpack the archive to a folder (not for SVN versions, of course)</para>
    </listitem>
    <listitem>
      <para>Copy the required dlls for your database client to the windows system directory (usually <filename>Windows\System</filename> or <filename>winnt\system32</filename>) or use the database client installer.</para>
      <remark>Attention : think about licence issues when working with the database client libraries. Not all software is freely distributable in all situations. These libraries are <emphasis>NOT</emphasis> a part of the zeoslib packages.</remark>
    </listitem>
    <listitem>
      <para>Add the <filename>build</filename> Directory of the package you are about to install to Delphi's library path.</para>
    </listitem>
    <listitem>
      <para>Locate the package directory associated with your compiler and open the <filename>ZeosDbo.bpg</filename> project group. Load the project and compile the following components in the order listed (or just choose <filename>compile all</filename> from <filename>Project</filename>-Menu):

			<itemizedlist><listitem><simpara><filename>ZCore.bpl</filename></simpara></listitem><listitem><simpara><filename>ZParseSql.bpl</filename></simpara></listitem><listitem><simpara><filename>ZPlain.bpl</filename></simpara></listitem><listitem><simpara><filename>ZDbc.bpl</filename></simpara></listitem><listitem><simpara><filename>ZComponent.bpl</filename></simpara></listitem></itemizedlist></para>
    </listitem>
    <listitem>
      <para>If all the packages, listed above are successfully compiled you have to install the <filename>ZComponentDesign.bpl</filename>. After that all ZEOS components are available in the IDE.</para>
      <remark>If the <filename>ZComponentDesign.bpl</filename> package isn't available for your compiler (eg. for fpc/lazarus), you should just install the <filename>ZComponent.bpl</filename></remark>
    </listitem>
    <listitem>
      <para>Create your own project and start adding the compoents through the IDE and set connection properties. For a quick tutorial, use the example provided with the project or browse the resources on the web page.</para>
    </listitem>
  </orderedlist>
  <orderedlist>
    <title>Observations:</title>
    <listitem>
      <para>When installing the library under C++ Builder (any version) it is highly recommended to remove any previously installed version of ZEOSDBO.</para>
      <para>To do that you should first close C++ Builder (as some of these files may be locked) and remove the (ZCore|ZParseSql|ZPlain|Zdbc|ZComponent)(.bpl|.tds|.bpi|.lib) files from <filename>$(BCB)\Projects\Lib</filename> and <filename>$(BCB)\Projects\Bpl</filename> (where $(BCB) is something like <filename>C:\Program Files\Borland\CBuilder[4-6]</filename>).</para>
    </listitem>
    <listitem>
      <para>When compiling the library from <filename>ZeosDbo.bpg</filename> under C++ Builder you may receive some warnings like 'Unable to find package import <filename>XXX.bpi</filename>' and you may have to press Cancel multiple times to continue.</para>
      <para>We're trying to get rid of this annoying behaviour, but until then here are some possible ways to avoid it, if needed:

				<orderedlist><listitem><simpara>Open, compile and install the packages (*.bpk) in the appropriate order (see Installation step #3) - i.e without using <filename>ZeosDbo.bpg</filename>.</simpara></listitem><listitem><para>Open a command line in \packages\CBuilder[4-6] and do a manual make - like this: <command>make -f ZeosDbo.bpg</command>. This requires the <literal>PATH</literal> and <literal>LIB</literal> environment variables to be set properly, like this:



<programlisting>SET BCB=d:\borland\cbuilder6

SET PATH=%BCB%\bin

SET LIB=%BCB%\lib</programlisting>



Then open <filename>ZeosDbo.bpg</filename> in the IDE and install the packages the usual way.</para></listitem></orderedlist></para>
    </listitem>
    <listitem>
      <para>While installing ZEOSDBO under C++ Builder version 4 from the IDE, you may get this error when compiling the ZDbc package :



<programlisting>[Pascal Fatal Error] ZDbcMetadata.pas(3076): Internal error: SY876.</programlisting>



Currently, there is no known solution to this problem.  Therefore,it is recommended to compile Zeoslib from the command line (issuing a <command>make -f ZeosDBO.bpg</command> from the directory <filename>/packages/cbuilder4</filename> should accomplish this)

and then to install the packages through menu Component-&gt;Install Packages.</para>
    </listitem>
  </orderedlist>
</article>
